{"cameraMode":{"drawMode":0,"name":"Shaded","section":"Shading Mode"},"sceneLighting":true,"audioPlay":false,"sceneViewState":{"m_AlwaysRefresh":false,"showFog":true,"showSkybox":true,"showFlares":true,"showImageEffects":true,"showParticleSystems":true,"showVisualEffectGraphs":true,"m_FxEnabled":true},"in2DMode":false,"pivot":{"x":-0.13492870330810548,"y":1.0008609294891358,"z":-0.40810489654541018},"rotation":{"x":-0.06068603694438934,"y":0.9168447256088257,"z":-0.15295903384685517,"w":-0.36375531554222109},"size":4.776267051696777,"orthographic":false}