{"cameraMode":{"drawMode":0,"name":"Shaded","section":"Shading Mode"},"sceneLighting":true,"audioPlay":false,"sceneViewState":{"m_AlwaysRefresh":false,"showFog":true,"showSkybox":true,"showFlares":true,"showImageEffects":true,"showParticleSystems":true,"showVisualEffectGraphs":true,"m_FxEnabled":true},"in2DMode":false,"pivot":{"x":0.40636324882507326,"y":3.2106757164001467,"z":-1.1337494850158692},"rotation":{"x":0.01650184951722622,"y":0.957277238368988,"z":0.05576743185520172,"w":-0.28326648473739626},"size":2.39408278465271,"orthographic":false}